"geo","country","region","dev_class","unemp_rate","educ_tertiary","rnd_gdp_pct","hitech_emp_pct","broadband_pct"
"NL12","NL","Friesland (NL)","transizione",4.65833333333333,33.6,1.25,51.71,98.455
"ES12","ES","Principado de Asturias","transizione",13.1583333333333,44.5666666666667,0.87,66.93,97.155
"ES41","ES","Castilla y Le'on","transizione",12.2416666666667,39.3666666666667,1.37,49.6,97.8
"ITI1","IT","Toscana","transizione",7.48333333333333,20.7333333333333,1.58,59.27,93.425
"IE04","IE","Northern and Western","piu_sviluppata",4.92,48.6666666666667,1.73,126.06,93.535
"ITH3","IT","Veneto","piu_sviluppata",5.34166666666667,19.7333333333333,1.27,70.45,93.92
"PT30","PT","Regi~ao Aut'onoma da Madeira","meno_sviluppata",7.7,24.5666666666667,0.46,77.24,91.7
"CZ04","CZ","Severoz'apad","meno_sviluppata",6.52727272727273,15.1,0.38,295.37,93.015
"ES30","ES","Comunidad de Madrid","piu_sviluppata",12.8666666666667,49.6666666666667,1.93,43.42,98.77
"FI1C","FI","Etel""a-Suomi","transizione",8.825,38.1333333333333,1.87,139.01,96.585
"ITF1","IT","Abruzzo","transizione",9.49166666666667,21.2,1.14,94.41,92.47
"HU31","HU","'Eszak-Magyarorsz'ag","meno_sviluppata",7.41,18.8333333333333,0.65,415.63,93.13
"FRK2","FR","Rh^one-Alpes","piu_sviluppata",8.34166666666667,44.5666666666667,3,35.55,91.58
"IE06","IE","Eastern and Midland","piu_sviluppata",7.46363636363636,56.4333333333333,1.3,101.98,96.605
"ITH5","IT","Emilia-Romagna","piu_sviluppata",5.675,23.2666666666667,2.16,66.05,95.435
"ITI3","IT","Marche","transizione",7.05833333333333,21.5333333333333,1,82.42,91.96
"RO31","RO","Sud-Muntenia","meno_sviluppata",10.3,13.9666666666667,0.27,287.45,92.585
"NL32","NL","Noord-Holland","piu_sviluppata",5.93076923076923,49.1333333333333,1.25,46.87,99.25
"CZ07","CZ","Stredn'i Morava","meno_sviluppata",4.45833333333333,24.5666666666667,1.58,232.85,93.97
"ITF4","IT","Puglia","meno_sviluppata",14.25,15.7666666666667,0.86,81.89,90.645
"BE22","BE","Prov. Limburg (BE)","transizione",3.8625,39.2333333333333,1.25,44.13,96.465
"FI19","FI","L""ansi-Suomi","transizione",9.38333333333333,40.2,2.74,139.22,97.345
"ES51","ES","Catalu~na","transizione",12.5166666666667,42.4666666666667,1.78,44.97,98.435
"CZ08","CZ","Moravskoslezsko","meno_sviluppata",7.75,22.5666666666667,1.16,281.62,94.4
"RO12","RO","Centru","meno_sviluppata",7.9125,16.4333333333333,0.35,374.49,94.605
"AT13","AT","Wien","piu_sviluppata",14.15,44.4666666666667,4.04,159.05,94.34
"ES23","ES","La Rioja","transizione",12.2333333333333,40.0333333333333,0.75,53.94,97.475
"FRB0","FR","Centre - Val de Loire","transizione",8.01666666666667,32.6666666666667,1.5,45.21,90.13
"ITF3","IT","Campania","meno_sviluppata",18.9583333333333,16.5,1.33,116.35,92.62
"AT33","AT","Tirol","piu_sviluppata",5.1375,31.4333333333333,3.21,141.24,92.22
"ITI4","IT","Lazio","piu_sviluppata",10.2166666666667,26.1,2,87.57,94.56
"FRE1","FR","Nord-Pas de Calais","transizione",10.1166666666667,35.7666666666667,0.91,46.91,92.58
"SK02","SK","Z'apadn'e Slovensko","meno_sviluppata",4.48571428571429,23.6666666666667,0.78,371.35,94.64
"SE11","SE","Stockholm","piu_sviluppata",12.4833333333333,56.1333333333333,3.57,64.25,95.425
"NL41","NL","Noord-Brabant","piu_sviluppata",3.58333333333333,39.9666666666667,1.25,47.47,99.25
"ITG2","IT","Sardegna","meno_sviluppata",12.8083333333333,17.4333333333333,0.83,58.75,92.6
"SI03","SI","Vzhodna Slovenija","meno_sviluppata",6.03333333333333,35.5,1.52,95.3,95.54
"AT22","AT","Steiermark","piu_sviluppata",5.48333333333333,30.2333333333333,5.17,135.05,92.43
"FRI1","FR","Aquitaine","transizione",8.83333333333333,39.8,1.79,38.1,91.875
"ITH4","IT","Friuli-Venezia Giulia","piu_sviluppata",5.80833333333333,21.1666666666667,1.66,79.57,94.195
"HR03","HR","Jadranska Hrvatska","meno_sviluppata",9.08333333333333,24.9333333333333,0.65,199.81,93.69
"NL11","NL","Groningen","piu_sviluppata",5.98333333333333,41.8666666666667,1.25,58.72,99.29
"ITI2","IT","Umbria","transizione",6.63333333333333,22.4333333333333,0.98,77.51,91.455
"FRG0","FR","Pays de la Loire","transizione",6.625,38.6,1.33,39.76,90.32
"CY00","CY","K'ypros","transizione",7.375,46.9333333333333,0.83,83.77,96.705
"FRD1","FR","Basse-Normandie","transizione",6.91,34.5,1.25,47.36,88.095
"ES53","ES","Illes Balears","transizione",14.7,36.3,0.48,51.7,98.635
"RO21","RO","Nord-Est","meno_sviluppata",8.5,12.3666666666667,0.25,263.67,93.14
"FRF2","FR","Champagne-Ardenne","transizione",9.48181818181818,31.3,0.85,43.04,89.045
"CZ02","CZ","Stredn'i Cechy","transizione",4.24166666666667,25.6,2.28,273.1,94.655
"FRF1","FR","Alsace","transizione",8.05,37.6666666666667,1.86,47.04,92.775
"RO42","RO","Vest","meno_sviluppata",3.44,16.3333333333333,0.67,311.8,94.585
"ITC2","IT","Valle d'Aosta","piu_sviluppata",7.76,18.8666666666667,0.58,70.85,93.435
"BE32","BE","Prov. Hainaut","meno_sviluppata",11.575,33.4666666666667,1.25,72.7,94.085
"RO32","RO","Bucuresti-Ilfov","piu_sviluppata",4.3125,41.0333333333333,0.97,309.58,96.89
"AT34","AT","Vorarlberg","piu_sviluppata",4.075,28.6333333333333,1.86,132.51,95.135
"FRC2","FR","Franche-Comt'e","transizione",9.27272727272727,32.7,2.93,42.47,90.05
"PT11","PT","Norte","meno_sviluppata",6.775,24.7666666666667,1.97,45.26,88.605
"SK04","SK","V'ychodn'e Slovensko","meno_sviluppata",29.0333333333333,27.7666666666667,0.57,335.17,93.52
"ITH1","IT","Provincia Autonoma di Bolzano","piu_sviluppata",4.3,17.6333333333333,0.83,64.82,93.54
"ES43","ES","Extremadura","meno_sviluppata",19.7916666666667,29.2333333333333,0.74,61.53,97.275
"HU23","HU","D'el-Dun'ant'ul","meno_sviluppata",7.18888888888889,20.4,0.86,326.27,94.515
"ES62","ES","Regi'on de Murcia","meno_sviluppata",14.875,33.7333333333333,1.09,61.05,98.465
"EE00","EE","Eesti","transizione",7.79166666666667,41.2333333333333,1.75,162.51,94.92
"BG41","BG","Yugozapaden","transizione",5.23333333333333,43.1,1.18,130.36,93.115
"SE32","SE","Mellersta Norrland","piu_sviluppata",11.15,40.2333333333333,0.7,103.69,93.29
"SE12","SE","""Ostra Mellansverige","piu_sviluppata",13.425,44.6666666666667,3.65,98.29,95.77
"ITG1","IT","Sicilia","meno_sviluppata",18.2916666666667,14.8,0.92,81.71,90.915
"FRD2","FR","Haute-Normandie","transizione",8.49166666666667,33.7333333333333,1.53,47.49,88.845
"FRF3","FR","Lorraine","meno_sviluppata",9.43333333333333,31.0666666666667,1.29,43.03,90.815
"NL21","NL","Overijssel","piu_sviluppata",4.03333333333333,39.9333333333333,1.25,50.25,99.695
"AT21","AT","K""arnten","piu_sviluppata",6.1125,33.6,2.98,135.77,93.245
"MT00","MT","Malta","piu_sviluppata",3.78333333333333,32.2333333333333,0.67,152.62,95.27
"RO11","RO","Nord-Vest","meno_sviluppata",4.675,19.3333333333333,0.25,451.52,94.525
"FRL0","FR","Provence-Alpes-C^ote d'Azur","piu_sviluppata",8.96666666666667,40.7333333333333,2.16,36.64,91.425
"HU22","HU","Nyugat-Dun'ant'ul","meno_sviluppata",2.94285714285714,25.3333333333333,1.13,313.6,95.945
"ES61","ES","Andaluc'ia","meno_sviluppata",21.9916666666667,33.9666666666667,1.06,71.95,97.235
"BG33","BG","Severoiztochen","meno_sviluppata",9.05555555555556,25.9666666666667,0.35,186.67,92.615
"AT11","AT","Burgenland","transizione",5.15,31.3666666666667,0.84,181.16,94.185
"ITF5","IT","Basilicata","meno_sviluppata",8.49090909090909,17.6,0.54,82.48,91.375
"PT20","PT","Regi~ao Aut'onoma dos Acores","meno_sviluppata",7.25,15.8333333333333,0.41,89.14,92.675
"BE35","BE","Prov. Namur","transizione",9.15454545454545,42.7666666666667,1.25,70.06,92.59
"ES52","ES","Comunitat Valenciana","transizione",16.7333333333333,38.2,1.2,61.36,98.41
"BG31","BG","Severozapaden","meno_sviluppata",18.8777777777778,19.9,0.36,185.95,86.75
"ES63","ES","Ciudad de Ceuta","meno_sviluppata",30.9545454545455,24.7333333333333,0.21,88.94,96.255
"IE05","IE","Southern","piu_sviluppata",6.86363636363636,49.3666666666667,0.8,125.85,92.015
"HU21","HU","K""oz'ep-Dun'ant'ul","meno_sviluppata",2.08333333333333,23.2333333333333,1.26,328.74,96.05
"BG42","BG","Yuzhen tsentralen","meno_sviluppata",5.23,22.6,0.46,385.73,92.765
"SE31","SE","Norra Mellansverige","transizione",12.7545454545455,35.6333333333333,1.05,97.33,93.365
"SE22","SE","Sydsverige","piu_sviluppata",14.4916666666667,47.5,3.25,90.48,94.98
"CZ03","CZ","Jihoz'apad","transizione",4.06666666666667,21.6,1.57,191.48,96.11
"FRH0","FR","Bretagne","transizione",6.95,40.3666666666667,1.75,46.44,90.17
"BE34","BE","Prov. Luxembourg (BE)","meno_sviluppata",6.3,44.6333333333333,1.25,59.14,93.35
"ITH2","IT","Provincia Autonoma di Trento","piu_sviluppata",5.75555555555556,21.7666666666667,1.48,71.36,95.055
"CZ06","CZ","Jihov'ychod","transizione",3.86666666666667,27.7666666666667,2.52,257.32,94.055
"SK01","SK","Bratislavsk'y kraj","piu_sviluppata",2.6,46.5666666666667,1.52,320.53,98.07
"SK03","SK","Stredn'e Slovensko","meno_sviluppata",10.825,24.5333333333333,0.72,421.43,95.255
"LT02","LT","Vidurio ir vakaru Lietuvos regionas","meno_sviluppata",9.95833333333333,38.5,0.7,512.03,92.31
"NL13","NL","Drenthe","transizione",4.0125,35.8,1.25,55.61,98.755
"BE33","BE","Prov. Li`ege","transizione",11.4333333333333,42.3666666666667,1.25,61.31,95.6
"ITC4","IT","Lombardia","piu_sviluppata",5.86666666666667,21.2333333333333,1.29,71.86,94.2
"FRI2","FR","Limousin","transizione",6.2,36.9666666666667,1.33,41.59,80.71
"NL42","NL","Limburg (NL)","piu_sviluppata",4.06666666666667,38.4,1.25,52.76,99.06
"CZ01","CZ","Praha","piu_sviluppata",3.77272727272727,49.8,2.83,240.95,97.08
"SE21","SE","Smaland med ""oarna","piu_sviluppata",10.5636363636364,37.9666666666667,1.64,106.7,94.415
"RO22","RO","Sud-Est","meno_sviluppata",7.2375,12.9333333333333,0.1,259.75,91.675
"HU12","HU","Pest","meno_sviluppata",3.2,32.9666666666667,0.62,365.73,96.81
"ES11","ES","Galicia","transizione",12.0083333333333,41.3666666666667,1.1,51.94,96.51
"BE25","BE","Prov. West-Vlaanderen","piu_sviluppata",4.58333333333333,39.5,1.25,46.68,96.42
"ES70","ES","Canarias","meno_sviluppata",23.8166666666667,35.6333333333333,0.56,76.44,98.35
"FRJ1","FR","Languedoc-Roussillon","transizione",12.8833333333333,38.2666666666667,2.59,43.06,89.205
"NL34","NL","Zeeland","piu_sviluppata",4.5,29.8333333333333,1.25,46.84,100
"BG34","BG","Yugoiztochen","meno_sviluppata",8.4,22.7333333333333,0.28,247.64,90.865
"SI04","SI","Zahodna Slovenija","piu_sviluppata",5.14545454545455,46.0666666666667,2.59,75.46,97.64
"BE23","BE","Prov. Oost-Vlaanderen","piu_sviluppata",3.84166666666667,50,1.25,49.13,96.27
"HU32","HU","'Eszak-Alf""old","meno_sviluppata",9.14,20.1333333333333,0.96,395.55,94.02
